timestamp,country,search_query,source_url,data_quality_rating,notes
2026-05-29T14:59:23.316249,Senegal,Senegal mini-grid solar deployment projects MW connections,https://www.pvknowhow.com/countries/senegal/turnkey-50mw-solar-factory-senegal/,2,From search snippets
2026-05-29T15:00:23.612663,Senegal,Senegal mini-grid solar deployment projects MW connections,https://renewelec.org/asantys-systems-moves-forward-mini-grid-project-senegal/,1,From full page fetch
2026-05-29T15:01:43.132051,Senegal,site:irena.org OR site:esmap.org Senegal mini-grid,https://rise.esmap.org/country/senegal,2,From search snippets
2026-05-29T15:03:11.517196,Senegal,Senegal mini-grid private developer BBOXX Engie PowerGen Ignite,https://www.ruralelec.org/off-grid-energy-leader-engie-energy-access-launches-15-solar-mini-grids-in-zambia-targets-60-by-2025/,1,From full page fetch
2026-05-29T15:08:14.579390,Senegal,Senegal mini-grid solar deployment projects MW connections,https://www.world-energy.org/article/33290.html,2,From search snippets
2026-05-29T15:08:52.425599,Senegal,Senegal mini-grid solar deployment projects MW connections,https://www.world-energy.org/article/33290.html,1,From full page fetch
2026-05-29T15:09:15.742419,Senegal,Senegal mini-grid solar deployment projects MW connections,https://hawilti.com/category/energy/solar/page/2/,1,From full page fetch
2026-05-29T15:40:33.413554,Senegal,PDF:Ministère du Pétrole et des Energies.pdf,file://C:\Users\bgano\Desktop\project\agentic pipeline\reports\Ministère du Pétrole et des Energies.pdf,3,From PDF ingestion
2026-05-29T15:41:57.883535,Senegal,PDF:Senegal_ Aser_ DEVELOPMENT OF AN OPERATIONAL PLAN FOR THE IMPLEMENTATION OF THE “ACCES UNIVERSEL-SE4ALL” RURAL ELECTRIFICATION PROGRAM.pdf,file://C:\Users\bgano\Desktop\project\agentic pipeline\reports\Senegal_ Aser_ DEVELOPMENT OF AN OPERATIONAL PLAN FOR THE IMPLEMENTATION OF THE “ACCES UNIVERSEL-SE4ALL” RURAL ELECTRIFICATION PROGRAM.pdf,3,From PDF ingestion
